Parish,Style
Acadia,Traditional
Acadia,Filled
Assumption,Filled
Calcasieu,Filled
East Baton Rouge,Traditional
East Baton Rouge,Traditional
East Baton Rouge,Filled
East Baton Rouge,Filled
East Baton Rouge,Filled
East Baton Rouge,Filled
East Baton Rouge,Filled
East Baton Rouge,Filled
East Baton Rouge,Filled
Iberia,Filled
Jefferson,Traditional
Jefferson,Traditional
Jefferson,Traditional
Jefferson,Traditional
Jefferson,Traditional
Jefferson,Traditional
Jefferson,Filled
Jefferson,Traditional
Jefferson,Traditional
Jefferson,Traditional
Jefferson,Traditional
Jefferson,Filled
Jefferson,Filled
Jefferson,Traditional
Jefferson,Filled
Lafayette,Traditional
Lafayette,Traditional
Lafayette,Filled
Lafayette,Filled
Lafayette,Filled
Lafayette,Traditional
Lafayette,Traditional
Lafayette,Filled
Livingston,Filled
Natchitoches,Traditional
Natchitoches,Traditional
Natchitoches,Traditional
Orleans,Filled
Orleans,Traditional
Orleans,Filled
Orleans,Filled
Orleans,Filled
Orleans,Traditional
Orleans,Traditional
Orleans,Filled
Orleans,Filled
Orleans,Filled
Orleans,Filled
Orleans,Traditional
Orleans,Traditional
Orleans,Traditional
Orleans,Filled
Orleans,Traditional
Orleans,Traditional
Orleans,Traditional
Orleans,Filled
Orleans,Traditional
Orleans,Traditional
Ouachita,Filled
Ouachita,Filled
Ouachita,Filled
Ouachita,Traditional
Ouachita,Traditional
Ouachita,Filled
Plaquemines,Filled
Rapides,Filled
St Bernard,Traditional
St Bernard,Traditional
St Bernard,Traditional
St Charles,Filled
St Charles,Traditional
St Charles,Traditional
St John the Baptist,Traditional
St Tammany,Traditional
St Tammany,Traditional
St Tammany,Filled
St Tammany,Traditional
St Tammany,Filled
St Tammany,Filled
St Tammany,Traditional
St Tammany,Filled
St Tammany,Traditional
Tangipahoa,Filled
Tangipahoa,Filled
Tangipahoa,Filled
Tangipahoa,Filled
Terrebonne,Filled
Terrebonne,Traditional
West Baton Rouge,Filled
